{
	"class_name" : "PinholeCameraParameters",
	"extrinsic" : 
	[
		0.46291869755534398,
		-0.78980550458711452,
		0.40238482125641578,
		0.0,
		0.077546456528893304,
		-0.41612810392124661,
		-0.90599334887554273,
		0.0,
		0.88300216677733956,
		0.45060477810471777,
		-0.131386861655653,
		0.0,
		837.45368743867311,
		1043.6276334347001,
		2996.3197770853876,
		1.0
	],
	"intrinsic" : 
	{
		"height" : 1016,
		"intrinsic_matrix" : 
		[
			879.88181024498977,
			0.0,
			0.0,
			0.0,
			879.88181024498977,
			0.0,
			923.5,
			507.5,
			1.0
		],
		"width" : 1848
	},
	"version_major" : 1,
	"version_minor" : 0
}